Painting_Princess | Painting Princess
Woobeewoo_Villagers | Woobeewoo Villagers
Goblins | Goblins
Fruit_Witch | Fruit Witch
Farmworld_Marceline | Farmworld Marceline
Shelby | Shelby
Evil_Monster | Evil Monster
Nymph | Nymph
Shoko | Shoko
Demons | Demons
Hag | Hag
Guntor | Guntor
Simon | Simon
Jelly_Cube | Jelly Cube
Boobafina | Boobafina
Party_God | Party God
Adventure_Tim | Adventure Tim
Mountain_Man | Mountain Man
Cosmic_Owl | Cosmic Owl
Moldos | Moldos
Pagelings | Pagelings
Jigglers | Jigglers
Candy_People | Candy People
Prince_Huge | Prince Huge
Smudge | Smudge
Forest_Cyclops | Forest Cyclops
Margaret | Margaret
Brain_Beast | Brain Beast
Starchie | Starchie
Party_Pat | Party Pat
Gnomes | Gnomes
Eyebabes | Eyebabes
Townspeople | Townspeople
Lemon_Camel | Lemon Camel
Monkey_Wizard | Monkey Wizard
Fuzzy_Friends | Fuzzy Friends
Papa_Wolf | Papa Wolf
Rump_People | Rump People
Duke_of_Limesnatch | Duke of Limesnatch
Magic_Man | Magic Man
Pterodactyl | Pterodactyl
Furnius | Furnius
Hot_Dog_Knights | Hot Dog Knights
Fire_Newt | Fire Newt
CMO | CMO
Funeral_Guests | Funeral Guests
Tiny_Manticore | Tiny Manticore
Heart_Beast | Heart Beast
Moe | Moe
Marquis_of_Nuts | Marquis of Nuts
Billy | Billy
Battle_Cube | Battle Cube
Wolf | Wolf
Milk_Ghost | Milk Ghost
Fart_Fairies | Fart Fairies
The_Morrow | The Morrow
Cinnamon_Roll | Cinnamon Roll
Giant_Bear | Giant Bear
Margles | Margles
Joshua | Joshua
Choose_Goose | Choose Goose
Bucket_Knight | Bucket Knight
Fire_Wolf_Pup | Fire Wolf Pup
Candy_Person_2 | Candy Person 2
Candy_Person_3 | Candy Person 3
Roger | Roger
Snow_Golem | Snow Golem
Talking_Bush | Talking Bush
Jaybird | Jaybird
Dragons | Dragons
Snorlock | Snorlock
Ancient_Sleeping_Magi_of_Life_Giving | Ancient Sleeping Magi of Life Giving
Snow_Monsters | Snow Monsters
Cobbler | Cobbler
Lumpy_Space_King | Lumpy Space King
Finn | Finn
Tiny_Goblin | Tiny Goblin
Stanley | Stanley
Bouncy_Bee | Bouncy Bee
Fire_Count | Fire Count
The_Owl | The Owl
Scorcher | Scorcher
Electric_Eel | Electric Eel
Electroids | Electroids
Bebe | Bebe
Rainy | Rainy
Penny | Penny
Ghost_Man | Ghost Man
JJ | JJ
Lady_Rainicorn | Lady Rainicorn
Captain_Banana_Guard | Captain Banana Guard
Mushroom_Mayor | Mushroom Mayor
Mirror_Finns | Mirror Finns
Shark | Shark
Frog | Frog
Nurse_Pound_Cake | Nurse Pound Cake
Tree_Witch | Tree Witch
Banana_Man | Banana Man
Evil_Guy | Evil Guy
Mannish_Man | Mannish Man
Baby_Pigs | Baby Pigs
Hatchlings | Hatchlings
Balloons | Balloons
Neptr | Neptr
Hunson_Abadeer | Hunson Abadeer
Mushroom_People | Mushroom People
Lady_Wizard_1 | Lady Wizard 1
Labyrinth_Worm | Labyrinth Worm
Roselinen | Roselinen
Fine_Lady | Fine Lady
Lord_Vandalstine | Lord Vandalstine
BMO | BMO
Topiary_Nose | Topiary Nose
Lub_Glubs | Lub Glubs
Bear | Bear
Breakfast_Organisms | Breakfast Organisms
Grob_Gob_Glob_Grod | Grob Gob Glob Grod
Echo_of_the_Lich | Echo of the Lich
Charlie | Charlie
Pup_Gang | Pup Gang
Marceline | Marceline
Old_Ladies | Old Ladies
Barb | Barb
Porcupine | Porcupine
Ogdoad | Ogdoad
Earl_of_Lemongrab | Earl of Lemongrab
Abraham_Lincoln | Abraham Lincoln
Pete_Sassafras | Pete Sassafras
MOs | MOs
Forest_Wizard | Forest Wizard
Ice_King | Ice King
Cube_People | Cube People
Stonesy | Stonesy
Worm | Worm
Ewlbo | Ewlbo
Penguins | Penguins
Tree_of_Blight | Tree of Blight
Vapor_Swamp_Monsters | Vapor Swamp Monsters
Ann | Ann
Mail_Bird | Mail Bird
Blastronaut | Blastronaut
Mini_Queen | Mini Queen
Kim_Kil_Whan | Kim Kil Whan
Ogre | Ogre
Old_Wizards | Old Wizards
Bob_Rainicorn | Bob Rainicorn
Tree_Stump_With_Sign | Tree Stump With Sign
Guy | Guy
Prismo | Prismo
Spider | Spider
Gumball_Guardian | Gumball Guardian
Wormo | Wormo
Manfried | Manfried
Fire_Wolves | Fire Wolves
Cloud_People | Cloud People
Duchess_of_Nuts | Duchess of Nuts
President_Porpoise | President Porpoise
Flying_Lettuce_Brothers | Flying Lettuce Brothers
Blargetha | Blargetha
Three_Wise_Men | Three Wise Men
Choose_Bruce | Choose Bruce
Sir_Slicer | Sir Slicer
Skeleton_Army | Skeleton Army
Soft_People | Soft People
Death | Death
Blanket_Dragon | Blanket Dragon
Demonic_Eye_Creatures | Demonic Eye Creatures
Lyre_Player | Lyre Player
The_Farm | The Farm
Old_Man | Old Man
Bongo | Bongo
Lorraine | Lorraine
Hand_Snow_Golem | Hand Snow Golem
Stranson_Doughblow | Stranson Doughblow
Snow_Men | Snow Men
Bufo | Bufo
Big_Destiny | Big Destiny
Farmworld_Jake | Farmworld Jake
Fisho_the_Colossal | Fisho the Colossal
Peppermint_Butler | Peppermint Butler
Guardian_Angel | Guardian Angel
Science_Cat | Science Cat
Skeleton_Butterfly | Skeleton Butterfly
Gumball_Guard | Gumball Guard
Devil_Cake_Downers | Devil Cake Downers
Clarence | Clarence
Gareth | Gareth
Martians | Martians
Old_Swans | Old Swans
Dumb_Rock | Dumb Rock
Gary_the_Mermaid_Queen | Gary the Mermaid Queen
Iceclops | Iceclops
Fire_Elemental | Fire Elemental
Stag | Stag
Bella_Noche | Bella Noche
Painting_King | Painting King
Crystal_Guardian | Crystal Guardian
Hamburger_Monster | Hamburger Monster
Crystalline_Demon | Crystalline Demon
Lake_Knights | Lake Knights
Giant_Goo_Skull | Giant Goo Skull
Spiky_People | Spiky People
None_Shall_Pass | None Shall Pass
Sleepy_Sam | Sleepy Sam
Phil | Phil
Wizard_Students | Wizard Students
Cinnamon_Bun | Cinnamon Bun
Gum | Gum
Fat_Villagers | Fat Villagers
Doctor_Princess | Doctor Princess
Reaper | Reaper
Flame_King | Flame King
Business_Men | Business Men
Brad | Brad
Knights | Knights
Chocolate_Chip | Chocolate Chip
Ugly_Monster | Ugly Monster
Eberhardt | Eberhardt
Winged_Lemongrab_Horse | Winged Lemongrab Horse
Wizard_Bill | Wizard Bill
ALN | ALN
Hunny_Bunny | Hunny Bunny
Fat_Bee | Fat Bee
Beautiful_Lady | Beautiful Lady
House_People | House People
Tiffany | Tiffany
Abracadaniel | Abracadaniel
Lester | Lester
Gunthalina | Gunthalina
Swamp_Giant | Swamp Giant
Dream_Warrior | Dream Warrior
Clown_Nurse | Clown Nurse
Candy_Person_10 | Candy Person 10
Petey | Petey
Ed | Ed
Ron_James | Ron James
Old_Man_Prisoner | Old Man Prisoner
Quilton | Quilton
Rock_People | Rock People
Wall_of_Flesh | Wall of Flesh
Gunter | Gunter
Party_Bears | Party Bears
Swan | Swan
Momma_Bear | Momma Bear
Fear_Feaster | Fear Feaster
Keila | Keila
Stormo | Stormo
Sparkle | Sparkle
Gummy | Gummy
Melissa | Melissa
The_Train | The Train
Destiny_Gang | Destiny Gang
Pan | Pan
Jermaine | Jermaine
Jake | Jake
Monster | Monster
Snail | Snail
Rasheeta | Rasheeta
Bubble | Bubble
Gnome_Ruler | Gnome Ruler
Ronnie | Ronnie
Farmworld_Finn | Farmworld Finn
Grand_Master_Wizard | Grand Master Wizard
Cuties | Cuties
Princess_Bubblegum | Princess Bubblegum
BMO | Beemo
Lumpy_Space_Princess | Lumpy Space Princess
Aquandrius | Aquandrius
Witch | Witch
Science | Science
Demon_Cat | Demon Cat
Ancient_Psychic_Tandem_War_Elephant | Ancient Psychic Tandem War Elephant
Mice_King | Mice King
Ash | Ash
Candy_Nanny | Candy Nanny
Spirit | Spirit
Ninjas | Ninjas
Cuber | Cuber
Crunchy | Crunchy
Duke_of_Nuts | Duke of Nuts
Unnamed_Destiny_Gang_Members | Unnamed Destiny Gang Members
Crystal_People | Crystal People
Tromo | Tromo
Ricardio | Ricardio
Gladiator_Ghost | Gladiator Ghost
Betty_Grof | Betty Grof
Torcho | Torcho
Bellamy_Bug | Bellamy Bug
Hot_Dog_Monster | Hot Dog Monster
Elder_Plops | Elder Plops
Door_Lord | Door Lord
Chet | Chet
Gnome_Knight | Gnome Knight
Wizard_Police | Wizard Police
Song_Bird | Song Bird
Trami | Trami
Xergiok | Xergiok
The_Beast | The Beast
Flambo | Flambo
Butterfly_With_Laser_Gun | Butterfly With Laser Gun
Fight_King | Fight King
Teenage_Bear | Teenage Bear
Lemongrab_2 | Lemongrab 2
Super_Freak | Super Freak
Ice_Penguin_Monster | Ice Penguin Monster
Two_Headed_Duck | Two Headed Duck
Hook_Crook | Hook Crook
Tart_Toter | Tart Toter
Naked_Wizard | Naked Wizard
Pincer_Beetle | Pincer Beetle
Island_Lady | Island Lady
Marauders | Marauders
