Animated_short | Animated short
Slumber_Party_Panic | Slumber Party Panic
Trouble_in_Lumpy_Space | Trouble in Lumpy Space
Prisoners_of_Love | Prisoners of Love
The_Jiggler | The Jiggler
Ricardio_the_Heart_Guy | Ricardio the Heart Guy
Business_Time | Business Time
My_Two_Favorite_People | My Two Favorite People
Memories_of_Boom_Boom_Mountain | Memories of Boom Boom Mountain
Ocean_of_Fear | Ocean of Fear
When_Wedding_Bells_Thaw | When Wedding Bells Thaw
The_Duke | The Duke
Henchman | Henchman
Rainy_Day_Daydream | Rainy Day Daydream
His_Hero | His Hero
It_Came_from_the_Nightosphere | It Came from the Nightosphere
The_Eyes | The Eyes
Loyalty_to_the_King | Loyalty to the King
Blood_Under_the_Skin | Blood Under the Skin
Storytelling | Storytelling
Slow_Love | Slow Love
Power_Animal | Power Animal
Crystals_Have_Power | Crystals Have Power
The_Other_Tarts | The Other Tarts
To_Cut_a_Woman%27s_Hair | To Cut a Woman's Hair
The_Chamber_of_Frozen_Blades | The Chamber of Frozen Blades
Her_Parents | Her Parents
The_Pods | The Pods
The_Silent_King | The Silent King
The_Real_You | The Real You
Death_in_Bloom | Death in Bloom
Mystery_Train | Mystery Train
Go_With_Me | Go With Me
Belly_of_the_Beast | Belly of the Beast
The_Limit | The Limit
Video_Makers | Video Makers
Mortal_Folly | Mortal Folly
Mortal_Recoil | Mortal Recoil
Conquest_of_Cuteness | Conquest of Cuteness
Morituri_Te_Salutamus | Morituri Te Salutamus
Memory_of_a_Memory | Memory of a Memory
Hitman | Hitman
Too_Young | Too Young
The_Monster | The Monster
Still | Still
Wizard_Battle | Wizard Battle
Fionna_and_Cake | Fionna and Cake
What_Was_Missing | What Was Missing
Apple_Thief | Apple Thief
The_Creeps | The Creeps
From_Bad_to_Worse | From Bad to Worse
Beautopia | Beautopia
No_One_Can_Hear_You | No One Can Hear You
Thank_You | Thank You
The_New_Frontier | The New Frontier
Holly_Jolly_Secrets_Part_I | Holly Jolly Secrets Part I
Holly_Jolly_Secrets_Part_II | Holly Jolly Secrets Part II
Marceline%27s_Closet | Marceline's Closet
Another_Way | Another Way
Dad%27s_Dungeon | Dad's Dungeon
Incendium | Incendium
Hot_to_the_Touch | Hot to the Touch
Five_Short_Graybles | Five Short Graybles
Web_Weirdos | Web Weirdos
Dream_of_Love | Dream of Love
Return_to_the_Nightosphere | Return to the Nightosphere
Daddy%27s_Little_Monster | Daddy's Little Monster
In_Your_Footsteps | In Your Footsteps
Hug_Wolf | Hug Wolf
Beyond_this_Earthly_Realm | Beyond this Earthly Realm
Princess_Cookie | Princess Cookie
Card_Wars | Card Wars
Sons_of_Mars | Sons of Mars
Burning_Low | Burning Low
BMO_Noire | BMO Noire
King_Worm | King Worm
You_Made_Me | You Made Me
Who_Would_Win | Who Would Win
Ignition_Point | Ignition Point
The_Hard_Easy | The Hard Easy
Reign_of_Gunters | Reign of Gunters
I_Remember_You | I Remember You
Five_More_Short_Graybles | Five More Short Graybles
Up_a_Tree | Up a Tree
All_the_Little_People | All the Little People
Jake_the_Dad | Jake the Dad
Davey | Davey
Mystery_Dungeon | Mystery Dungeon
All_Your_Fault | All Your Fault
Bad_Little_Boy | Bad Little Boy
Vault_of_Bones | Vault of Bones
The_Great_Bird_Man | The Great Bird Man
A_Glitch_is_a_Glitch | A Glitch is a Glitch
Puhoy | Puhoy
BMO_Lost | BMO Lost
Princess_Potluck | Princess Potluck
The_Suitor | The Suitor
One_Last_Job | One Last Job
Another_Five_More_Short_Graybles | Another Five More Short Graybles
Candy_Streets | Candy Streets
Jake_Suit | Jake Suit
Be_More | Be More
Sky_Witch | Sky Witch
Too_Old | Too Old
Time_Sandwich | Time Sandwich
The_Vault | The Vault
Love_Games | Love Games
Red_Starved | Red Starved
We_Fixed_a_Truck | We Fixed a Truck
Play_Date | Play Date
The_Pit | The Pit
James | James
Root_Beer_Guy | Root Beer Guy
Apple_Wedding | Apple Wedding
Blade_of_Grass | Blade of Grass
Rattleballs | Rattleballs
The_Red_Throne | The Red Throne
Bad_Timing | Bad Timing
Lemonhope_Part_1 | Lemonhope Part 1
Lemonhope_Part_2 | Lemonhope Part 2
Billy%27s_Bucket_List | Billy's Bucket List
